<?xml version="1.0" encoding="UTF-8"?>
<project-private xmlns="http://www.netbeans.org/ns/project-private/1">
    <data xmlns="http://www.netbeans.org/ns/make-project-private/1">
        <activeConfTypeElem>1</activeConfTypeElem>
        <activeConfIndexElem>0</activeConfIndexElem>
    </data>
    <editor-bookmarks xmlns="http://www.netbeans.org/ns/editor-bookmarks/2" lastBookmarkId="0"/>
    <open-files xmlns="http://www.netbeans.org/ns/projectui-open-files/2">
        <group>
            <file>file:/home/bernd/NetBeansProjects/Linux/Common/mdFile.cpp</file>
            <file>file:/home/bernd/NetBeansProjects/Linux/MDF4_SimpleReader/MDF4_SimpleReader.cpp</file>
            <file>file:/home/bernd/NetBeansProjects/Linux/Common/mdf4.cpp</file>
            <file>file:/home/bernd/NetBeansProjects/Linux/MDF4_SimpleReader/ImportMdf4.cpp</file>
        </group>
    </open-files>
</project-private>
