<?xml version="1.0" encoding="UTF-8"?>
<configurationDescriptor version="97">
  <logicalFolder name="root" displayName="root" projectFiles="true" kind="ROOT">
    <logicalFolder name="HeaderFiles"
                   displayName="Header Files"
                   projectFiles="true">
      <itemPath>../Common/Ptrlist.h</itemPath>
      <itemPath>../Common/dynArray.h</itemPath>
      <itemPath>../Common/md5.h</itemPath>
      <itemPath>../Common/mdFile.h</itemPath>
      <itemPath>../Common/mdf4.h</itemPath>
      <itemPath>mdfConfig.h</itemPath>
      <itemPath>../Common/mdfTypes.h</itemPath>
      <itemPath>targetver.h</itemPath>
      <itemPath>utf8.h</itemPath>
      <itemPath>../Common/utf8.h</itemPath>
    </logicalFolder>
    <logicalFolder name="ResourceFiles"
                   displayName="Resource Files"
                   projectFiles="true">
    </logicalFolder>
    <logicalFolder name="SourceFiles"
                   displayName="Source Files"
                   projectFiles="true">
      <itemPath>MDF4_SimpleWriter.cpp</itemPath>
      <itemPath>../Common/md5.cpp</itemPath>
      <itemPath>../Common/mdFile.cpp</itemPath>
      <itemPath>../Common/mdf4.cpp</itemPath>
      <itemPath>stdafx.cpp</itemPath>
    </logicalFolder>
    <logicalFolder name="TestFiles"
                   displayName="Test Files"
                   projectFiles="false"
                   kind="TEST_LOGICAL_FOLDER">
    </logicalFolder>
    <logicalFolder name="ExternalFiles"
                   displayName="Important Files"
                   projectFiles="false"
                   kind="IMPORTANT_FILES_FOLDER">
      <itemPath>Makefile</itemPath>
    </logicalFolder>
  </logicalFolder>
  <projectmakefile>Makefile</projectmakefile>
  <confs>
    <conf name="Debug" type="1">
      <toolsSet>
        <compilerSet>default</compilerSet>
        <dependencyChecking>true</dependencyChecking>
        <rebuildPropChanged>false</rebuildPropChanged>
      </toolsSet>
      <compileType>
        <cTool>
          <incDir>
            <pElem>.</pElem>
          </incDir>
        </cTool>
        <ccTool>
          <incDir>
            <pElem>../Common</pElem>
            <pElem>.</pElem>
          </incDir>
        </ccTool>
      </compileType>
      <item path="../Common/Ptrlist.h" ex="false" tool="3" flavor2="0">
      </item>
      <item path="../Common/dynArray.h" ex="false" tool="3" flavor2="0">
      </item>
      <item path="../Common/md5.cpp" ex="false" tool="1" flavor2="0">
      </item>
      <item path="../Common/md5.h" ex="false" tool="3" flavor2="0">
      </item>
      <item path="../Common/mdFile.cpp" ex="false" tool="1" flavor2="0">
      </item>
      <item path="../Common/mdFile.h" ex="false" tool="3" flavor2="0">
      </item>
      <item path="../Common/mdf4.cpp" ex="false" tool="1" flavor2="0">
      </item>
      <item path="../Common/mdf4.h" ex="false" tool="3" flavor2="0">
      </item>
      <item path="../Common/mdfTypes.h" ex="false" tool="3" flavor2="0">
      </item>
      <item path="../Common/utf8.h" ex="false" tool="3" flavor2="0">
      </item>
      <item path="MDF4_SimpleWriter.cpp" ex="false" tool="1" flavor2="0">
      </item>
      <folder path="HeaderFiles">
        <ccTool>
          <incDir>
            <pElem>.</pElem>
          </incDir>
        </ccTool>
      </folder>
      <item path="mdfConfig.h" ex="false" tool="3" flavor2="0">
      </item>
      <item path="stdafx.cpp" ex="false" tool="1" flavor2="0">
      </item>
      <item path="targetver.h" ex="false" tool="3" flavor2="0">
      </item>
      <item path="utf8.h" ex="false" tool="3" flavor2="0">
      </item>
    </conf>
    <conf name="Release" type="1">
      <toolsSet>
        <compilerSet>default</compilerSet>
        <dependencyChecking>true</dependencyChecking>
        <rebuildPropChanged>false</rebuildPropChanged>
      </toolsSet>
      <compileType>
        <cTool>
          <developmentMode>5</developmentMode>
        </cTool>
        <ccTool>
          <developmentMode>5</developmentMode>
        </ccTool>
        <fortranCompilerTool>
          <developmentMode>5</developmentMode>
        </fortranCompilerTool>
        <asmTool>
          <developmentMode>5</developmentMode>
        </asmTool>
      </compileType>
      <item path="../Common/Ptrlist.h" ex="false" tool="3" flavor2="0">
      </item>
      <item path="../Common/dynArray.h" ex="false" tool="3" flavor2="0">
      </item>
      <item path="../Common/md5.cpp" ex="false" tool="1" flavor2="0">
      </item>
      <item path="../Common/md5.h" ex="false" tool="3" flavor2="0">
      </item>
      <item path="../Common/mdFile.cpp" ex="false" tool="1" flavor2="0">
      </item>
      <item path="../Common/mdFile.h" ex="false" tool="3" flavor2="0">
      </item>
      <item path="../Common/mdf4.cpp" ex="false" tool="1" flavor2="0">
      </item>
      <item path="../Common/mdf4.h" ex="false" tool="3" flavor2="0">
      </item>
      <item path="../Common/mdfTypes.h" ex="false" tool="3" flavor2="0">
      </item>
      <item path="../Common/utf8.h" ex="false" tool="3" flavor2="0">
      </item>
      <item path="MDF4_SimpleWriter.cpp" ex="false" tool="1" flavor2="0">
      </item>
      <item path="mdfConfig.h" ex="false" tool="3" flavor2="0">
      </item>
      <item path="stdafx.cpp" ex="false" tool="1" flavor2="0">
      </item>
      <item path="targetver.h" ex="false" tool="3" flavor2="0">
      </item>
      <item path="utf8.h" ex="false" tool="3" flavor2="0">
      </item>
    </conf>
  </confs>
</configurationDescriptor>
